timestamp,round_expiry,S0,direction,time_to_expiry_secs,P_model,P_mkt_paid,EV,bet_size_USD,status,close_price,PnL_USD
2026-04-27T01:10:42.531023+00:00,2026-04-27T01:15:00+00:00,79158.27,DOWN,257.468977,0.8512323945760727,0.5780500347278862,0.2731823598481865,88.10572326183319,SOLD_OVERPRICED,79227.2248164657,-51.525198545155284
2026-04-27T01:10:12.408326+00:00,2026-04-27T01:15:00+00:00,79158.27,UP,287.591674,0.8590308427810669,0.6036615164385732,0.25536932634249365,161.8942767381668,SOLD_OVERPRICED,79179.477,-74.23846774359842
2026-04-27T01:13:18.167085+00:00,2026-04-27T01:15:00+00:00,79158.27,DOWN,101.832915,0.9749134946614504,0.6227195153978682,0.3521939792635822,200.0,WON,79142.0995663071,121.171884057971
2026-04-27T01:15:12.603938+00:00,2026-04-27T01:20:00+00:00,79142.0995663071,DOWN,287.396062,0.7356215119361877,0.57,0.1656215119361878,96.29157670708592,SOLD_LOCK_PROFIT,79022.34457481599,69.26236219281618
2026-04-27T01:20:07.687960+00:00,2026-04-27T01:25:00+00:00,79031.2,UP,292.31204,0.7400000095367432,0.5497674429604756,0.19023256657626753,108.69565735692562,SOLD_OVERPRICED,79044.47130683008,-16.84590667087957
2026-04-27T01:21:39.053946+00:00,2026-04-27T01:25:00+00:00,79031.2,UP,200.946054,0.8183783888816833,0.5269273811631218,0.2914510077185616,155.40541087587675,SOLD_OVERPRICED,79007.2497,-40.53941083045336
2026-04-27T01:21:03.913980+00:00,2026-04-27T01:25:00+00:00,79031.2,DOWN,236.08602,0.6048415899276733,0.5,0.10484158992767334,52.42079496383667,SOLD_OVERPRICED,79007.2497,-6.900511294937132
2026-04-27T01:22:43.308711+00:00,2026-04-27T01:25:00+00:00,79031.2,UP,136.691289,0.8609884977340698,0.5692589998619013,0.2917294978721685,171.01619189435786,SOLD_OVERPRICED,79079.159,-57.92336933923917
2026-04-27T01:24:07.663916+00:00,2026-04-27T01:25:00+00:00,79031.2,DOWN,52.336084,0.9749134946614504,0.624566950649452,0.3503465440119984,200.0,LOST,79042.6764219593,-200.0
2026-04-27T01:35:13.040077+00:00,2026-04-27T01:40:00+00:00,78878.06995728004,UP,286.959923,0.8183783888816833,0.5512640211373663,0.26711436774431707,149.0991049342685,SOLD_LOCK_PROFIT,79009.64938,115.95922870070137
2026-04-27T01:35:43.157258+00:00,2026-04-27T01:40:00+00:00,78878.06995728004,DOWN,256.842742,0.8512323945760727,0.57,0.28123239457607274,100.9008950657315,LOST,79104.50534984107,-100.9008950657315
2026-04-27T01:40:08.040984+00:00,2026-04-27T01:45:00+00:00,79104.50534984107,DOWN,291.959016,0.9749134946614504,0.62917504337867,0.34573845128278036,200.0,WON,79068.63952,117.87656249999998
2026-04-27T01:40:38.177162+00:00,2026-04-27T01:45:00+00:00,79104.50534984107,UP,261.822838,0.9614417552947998,0.72,0.24144175529479983,50.0,LOST,79068.63952,-50.0
2026-04-27T01:45:10.271316+00:00,2026-04-27T01:50:00+00:00,79068.63952,UP,289.728684,0.8609884977340698,0.62,0.24098849773406983,158.54506429873013,WON,79350.67055,97.17278134438297
2026-04-27T01:45:40.393443+00:00,2026-04-27T01:50:00+00:00,79068.63952,UP,259.606557,0.9614417552947998,0.78,0.18144175529479978,91.45493570126987,WON,79350.67055,25.794981864460723
2026-04-27T01:50:12.040250+00:00,2026-04-27T01:55:00+00:00,79350.67055,DOWN,287.95975,0.6048415899276733,0.54,0.0648415899276733,35.23999452590941,SOLD_LOCK_PROFIT,79212.369,28.714069613703955
2026-04-27T01:50:42.166501+00:00,2026-04-27T01:55:00+00:00,79350.67055,DOWN,257.833499,0.999,0.7359156680423649,0.26308433195763514,200.0,SOLD_LOCK_PROFIT,79212.369,66.33486486486487
2026-04-27T01:55:11.055720+00:00,2026-04-27T02:00:00+00:00,79244.791,DOWN,288.94428,0.6048415899276733,0.52,0.08484158992767332,44.18832808732986,LOST,79296.81799129663,-44.18832808732986
2026-04-27T01:55:41.176673+00:00,2026-04-27T02:00:00+00:00,79244.791,DOWN,258.823327,0.999,0.6898396960369203,0.3091603039630797,200.0,LOST,79296.81799129663,-200.0
2026-04-27T02:00:15.323128+00:00,2026-04-27T02:05:00+00:00,79296.81799129663,UP,284.676872,0.5695364238410596,0.48999999999999994,0.07953642384105969,38.988443059342956,LOST,79209.22407293807,-38.988443059342956
2026-04-27T02:00:45.447920+00:00,2026-04-27T02:05:00+00:00,79296.81799129663,UP,254.55208,0.49999999999999994,0.4,0.09999999999999992,41.666666666666636,LOST,79209.22407293807,-41.666666666666636
2026-04-27T02:05:10.401183+00:00,2026-04-27T02:10:00+00:00,79209.22407293807,UP,289.598817,0.5196839850563792,0.43666961701301366,0.0830143680433656,39.33508116507862,LOST,79155.63534094006,-39.33508116507862
2026-04-27T02:05:51.572508+00:00,2026-04-27T02:10:00+00:00,79209.22407293807,UP,248.427492,0.37060702875399354,0.31,0.06060702875399354,21.959068389128095,LOST,79155.63534094006,-21.959068389128095
2026-04-27T02:10:08.591244+00:00,2026-04-27T02:15:00+00:00,79155.63534094006,UP,291.408756,0.52,0.47,0.050000000000000044,23.584905660377377,SOLD_LOCK_PROFIT,79207.728865,25.592131674026515
2026-04-27T02:10:43.754270+00:00,2026-04-27T02:15:00+00:00,79155.63534094006,DOWN,256.24573,0.7413793103448276,0.5861209769829561,0.15525833336187156,99.63913392141143,LOST,79196.4193633026,-99.63913392141143
2026-04-27T02:15:09.743515+00:00,2026-04-27T02:20:00+00:00,79196.4193633026,UP,290.256485,0.5873786407766989,0.48,0.1073786407766989,51.624346527259085,LOST,79189.24263,-51.624346527259085
2026-04-27T02:15:39.866863+00:00,2026-04-27T02:20:00+00:00,79196.4193633026,UP,260.133137,0.5873786407766989,0.51,0.07737864077669887,39.478898355458604,LOST,79189.24263,-39.478898355458604
2026-04-27T02:20:20.986729+00:00,2026-04-27T02:25:00+00:00,79189.24263,UP,279.013271,0.4255533199195171,0.37,0.05555331991951712,22.044968222030604,LOST,79119.526,-22.044968222030604
2026-04-27T02:20:51.107944+00:00,2026-04-27T02:25:00+00:00,79189.24263,UP,248.892056,0.4255533199195171,0.36000000000000004,0.06555331991951707,25.606765593561377,LOST,79119.526,-25.606765593561377
2026-04-27T02:25:09.145519+00:00,2026-04-27T02:30:00+00:00,79119.526,DOWN,290.854481,0.5856697819314642,0.53,0.05566978193146421,29.611586133757562,SOLD_OVERPRICED,79085.08904,14.367729308376212
2026-04-27T02:25:42.278658+00:00,2026-04-27T02:30:00+00:00,79119.526,DOWN,257.721342,0.6640316205533596,0.6,0.06403162055335965,40.019762845849776,SOLD_OVERPRICED,79085.08904,12.405928853754936
2026-04-27T02:27:05.617010+00:00,2026-04-27T02:30:00+00:00,79119.526,UP,174.38299,0.3359683794466404,0.21781439283608914,0.11815398661055124,39.86341121729126,SOLD_OVERPRICED,79088.84745865314,59.38096177060547
2026-04-27T02:27:35.743844+00:00,2026-04-27T02:30:00+00:00,79119.526,UP,144.256156,0.32142857142857145,0.18855312161208237,0.13287544981648908,45.61101549053357,SOLD_OVERPRICED,79088.84745865314,85.43102853519343
2026-04-27T02:30:25.393362+00:00,2026-04-27T02:35:00+00:00,79135.19795,DOWN,274.606638,0.5007898894154819,0.44,0.06078988941548186,27.138343489054396,SOLD_OVERPRICED,79148.0985026372,14.802732812211492
2026-04-27T02:30:55.515225+00:00,2026-04-27T02:35:00+00:00,79135.19795,DOWN,244.484775,0.375,0.27,0.10499999999999998,35.95890410958904,SOLD_OVERPRICED,79148.0985026372,54.60426179604262
2026-04-27T02:35:43.603440+00:00,2026-04-27T02:40:00+00:00,79090.25291986908,DOWN,256.39656,0.5601851851851851,0.5,0.06018518518518512,30.09259259259256,SOLD_OVERPRICED,79079.80857564571,11.43518518518517
2026-04-27T02:36:20.751557+00:00,2026-04-27T02:40:00+00:00,79090.25291986908,UP,219.248443,0.4398148148148148,0.37,0.06981481481481483,27.704291593180486,SOLD_OVERPRICED,79075.38771665079,19.467880578991696
2026-04-27T02:36:50.869666+00:00,2026-04-27T02:40:00+00:00,79090.25291986908,UP,189.130334,0.4398148148148148,0.27,0.1698148148148148,58.15575849822425,SOLD_OVERPRICED,79075.38771665079,81.84884529379707
2026-04-27T02:37:48.092903+00:00,2026-04-27T02:40:00+00:00,79090.25291986908,DOWN,131.907097,0.5601851851851851,0.3732598851023858,0.18692530008279934,75.47031158142268,SOLD_OVERPRICED,79092.44541741439,98.41515147127076
2026-04-27T02:38:26.235940+00:00,2026-04-27T02:40:00+00:00,79090.25291986908,DOWN,93.76406,0.5601851851851851,0.4495810375785401,0.110604147606645,53.654100529100496,SOLD_OVERPRICED,79092.44541741439,48.980402704291556
2026-04-27T02:40:12.605770+00:00,2026-04-27T02:45:00+00:00,79089.40187703025,DOWN,287.39423,0.6176122931442081,0.49,0.12761229314420808,62.55504565892553,SOLD_OVERPRICED,79080.89437857864,31.91583962190078
2026-04-27T02:40:42.736895+00:00,2026-04-27T02:45:00+00:00,79089.40187703025,DOWN,257.263105,0.6176122931442081,0.4957353842173418,0.12187690892686626,62.55504565892553,SOLD_OVERPRICED,79080.89437857864,30.822863728535033
2026-04-27T02:42:55.227031+00:00,2026-04-27T02:45:00+00:00,79089.40187703025,UP,124.772969,0.382387706855792,0.26,0.12238770685579198,41.34719826209189,SOLD_OVERPRICED,79080.75277,38.57816769338897
2026-04-27T02:43:25.356021+00:00,2026-04-27T02:45:00+00:00,79089.40187703025,DOWN,94.643979,0.6176122931442081,0.55,0.06761229314420802,37.56238508011557,SOLD_OVERPRICED,79089.74661824062,13.461581928027314
2026-04-27T02:45:14.765257+00:00,2026-04-27T02:50:00+00:00,79085.94,DOWN,285.234743,0.6642820643842616,0.45,0.21428206438426162,97.40093835648254,LOST,79112.87,-97.40093835648254
2026-04-27T02:45:44.886190+00:00,2026-04-27T02:50:00+00:00,79085.94,DOWN,255.11381,0.6642820643842616,0.45999999999999996,0.20428206438426166,94.57502980752852,LOST,79112.87,-94.57502980752852
2026-04-27T02:50:07.892789+00:00,2026-04-27T02:55:00+00:00,79112.87,DOWN,292.107211,0.6331877729257642,0.5705083707792098,0.06267940214655443,36.73707728242108,LOST,79212.58,-36.73707728242108
2026-04-27T02:50:38.012051+00:00,2026-04-27T02:55:00+00:00,79112.87,DOWN,261.987949,0.6331877729257642,0.55,0.08318777292576418,46.21542940320233,LOST,79212.58,-46.21542940320233
2026-04-27T02:55:14.987616+00:00,2026-04-27T03:00:00+00:00,79212.58,DOWN,285.012384,0.5952848722986248,0.49,0.10528487229862482,51.61023151893374,SOLD_OVERPRICED,79176.81964285606,25.88848074396754
2026-04-27T02:55:47.114633+00:00,2026-04-27T03:00:00+00:00,79212.58,DOWN,252.885367,0.5952848722986248,0.54,0.055284872298624776,30.0461262492526,SOLD_OVERPRICED,79176.81964285606,11.128194907130588
2026-04-27T02:56:52.363991+00:00,2026-04-27T03:00:00+00:00,79212.58,UP,187.636009,0.38772563176895314,0.26623633626159304,0.1214892955073601,43.15055127329498,LOST,79145.55843728922,-43.15055127329498
2026-04-27T02:57:36.536899+00:00,2026-04-27T03:00:00+00:00,79212.58,UP,143.463101,0.38772563176895314,0.33,0.05772563176895312,21.539414839161616,LOST,79145.55843728922,-21.539414839161616
2026-04-27T03:00:44.260265+00:00,2026-04-27T03:05:00+00:00,79145.55843728922,DOWN,255.739735,0.6156716417910448,0.498786306479311,0.11688533531173384,61.60374597600237,SOLD_OVERPRICED,79111.20439544015,34.73194174656132
2026-04-27T03:00:14.137563+00:00,2026-04-27T03:05:00+00:00,79145.55843728922,UP,285.862437,0.34979973297730316,0.29,0.05979973297730318,21.05624400609267,SOLD_OVERPRICED,79156.52133,28.317017801297048
2026-04-27T03:02:12.600487+00:00,2026-04-27T03:05:00+00:00,79145.55843728922,UP,167.399513,0.34979973297730316,0.22,0.12979973297730316,41.6024785183664,SOLD_OVERPRICED,79156.52133,85.76435703673279
2026-04-27T03:03:32.920032+00:00,2026-04-27T03:05:00+00:00,79145.55843728922,DOWN,87.079968,0.46360153256704983,0.32429297428858095,0.13930855827846889,52.79468109082715,LOST,79163.333,-52.79468109082715
2026-04-27T03:04:03.036103+00:00,2026-04-27T03:05:00+00:00,79145.55843728922,DOWN,56.963897,0.38760806916426516,0.16426651617582896,0.2233415529884362,67.74049677507891,LOST,79163.333,-67.74049677507891
2026-04-27T03:05:10.264508+00:00,2026-04-27T03:10:00+00:00,79163.333,DOWN,289.735492,0.5670103092783505,0.51,0.05701030927835049,22.0422,LOST,79217.97830639692,-22.0422
2026-04-27T03:05:49.414617+00:00,2026-04-27T03:10:00+00:00,79163.333,DOWN,250.585383,0.5670103092783505,0.5,0.0670103092783505,33.50515463917525,LOST,79217.97830639692,-33.50515463917525
2026-04-27T03:10:33.528486+00:00,2026-04-27T03:15:00+00:00,79217.97830639692,DOWN,266.471514,0.4986807387862795,0.43431818181818177,0.06436255696809773,15.288,LOST,79228.4223333924,-15.288
2026-04-27T03:11:03.643596+00:00,2026-04-27T03:15:00+00:00,79217.97830639692,DOWN,236.356404,0.399671052631579,0.34,0.05967105263157896,22.60267145135567,LOST,79228.4223333924,-22.60267145135567
2026-04-27T03:15:16.648019+00:00,2026-04-27T03:20:00+00:00,79228.4223333924,UP,283.351981,0.5116279069767442,0.43,0.08162790697674421,35.80171358629132,SOLD_OVERPRICED,79265.0162826829,33.30391961515472
2026-04-27T03:15:54.799161+00:00,2026-04-27T03:20:00+00:00,79228.4223333924,UP,245.200839,0.5436893203883495,0.47000000000000003,0.07368932038834947,34.75911339073091,SOLD_OVERPRICED,79265.0162826829,26.624001746091757
2026-04-27T03:17:19.115916+00:00,2026-04-27T03:20:00+00:00,79228.4223333924,DOWN,160.884084,0.2906724511930586,0.17,0.12067245119305861,36.347123853330906,SOLD_OVERPRICED,79243.10359,126.3195004321484
2026-04-27T03:18:55.491957+00:00,2026-04-27T03:20:00+00:00,79228.4223333924,UP,64.508043,0.29577464788732394,0.17490169213737647,0.12087295574994747,37.88393008654335,SOLD_LOCK_PROFIT,79259.03,174.38532260685932
2026-04-27T03:18:25.375904+00:00,2026-04-27T03:20:00+00:00,79228.4223333924,DOWN,94.624096,0.36268656716417924,0.31,0.05268656716417924,17.5336,LOST,79254.51996964916,-17.5336
2026-04-27T03:20:10.766013+00:00,2026-04-27T03:25:00+00:00,79254.51996964916,UP,289.233987,0.5682656826568264,0.48999999999999994,0.07826568265682649,38.36553071413061,SOLD_OVERPRICED,79264.63956071748,30.585320524667402
2026-04-27T03:20:42.892217+00:00,2026-04-27T03:25:00+00:00,79254.51996964916,UP,257.107783,0.5682656826568264,0.4799999999999999,0.0882656826568265,42.43542435424348,SOLD_OVERPRICED,79264.63956071748,35.10903960639604
2026-04-27T03:25:14.884951+00:00,2026-04-27T03:30:00+00:00,79262.69794552942,UP,285.115049,0.6189069423929099,0.5,0.11890694239290989,59.45347119645494,SOLD_OVERPRICED,79267.2437626524,46.136029837518464
2026-04-27T03:25:45.007410+00:00,2026-04-27T03:30:00+00:00,79262.69794552942,UP,254.99259,0.45621019108280264,0.38807540339709456,0.06813478768570808,30.72991575919461,SOLD_OVERPRICED,79267.2437626524,39.74511251178795
2026-04-27T03:30:13.025437+00:00,2026-04-27T03:35:00+00:00,79267.14494552105,UP,286.974563,0.6544021024967148,0.49,0.16440210249671483,80.58926592976218,SOLD_OVERPRICED,79273.191,72.83409255060764
2026-04-27T03:30:43.145367+00:00,2026-04-27T03:35:00+00:00,79267.14494552105,UP,256.854633,0.6684491978609625,0.61,0.058449197860962476,37.467434526257996,SOLD_OVERPRICED,79273.191,20.269267858467437
2026-04-27T03:35:09.152342+00:00,2026-04-27T03:40:00+00:00,79270.37291,UP,290.847658,0.6788899900891973,0.45,0.22888999008919725,104.04090458599875,LOST,79211.7609306013,-104.04090458599875
2026-04-27T03:35:39.274242+00:00,2026-04-27T03:40:00+00:00,79270.37291,UP,260.725758,0.6630434782608695,0.468673956305543,0.19436952195532653,96.83794466403158,LOST,79211.7609306013,-96.83794466403158
2026-04-27T03:40:11.317702+00:00,2026-04-27T03:45:00+00:00,79211.7609306013,UP,288.682298,0.6746987951807227,0.5,0.17469879518072273,87.34939759036136,SOLD_OVERPRICED,79231.07561780531,67.44874216867463
2026-04-27T03:40:41.436833+00:00,2026-04-27T03:45:00+00:00,79211.7609306013,UP,258.563167,0.6746987951807227,0.5324766758627915,0.14222211931793127,80.57228915662641,SOLD_OVERPRICED,79231.07561780531,53.64907095046847
2026-04-27T03:44:01.261297+00:00,2026-04-27T03:45:00+00:00,79211.7609306013,DOWN,58.738703,0.24883936861652745,0.11681541752028464,0.13202395109624282,38.99982264509198,LOST,79256.44791,-38.99982264509198
2026-04-27T03:45:14.493460+00:00,2026-04-27T03:50:00+00:00,79256.44791,UP,285.50654,0.6962616822429907,0.5717832588918932,0.12447842335109749,73.40795479243646,LOST,79224.048,-73.40795479243646
2026-04-27T03:45:44.622265+00:00,2026-04-27T03:50:00+00:00,79256.44791,UP,255.377735,0.6330275229357798,0.46137725482515846,0.17165026811062134,80.10533469249063,LOST,79224.048,-80.10533469249063
2026-04-27T03:50:08.623000+00:00,2026-04-27T03:55:00+00:00,79224.048,UP,291.377,0.6765039727582293,0.5244152666737435,0.15208870608448577,84.95100650930064,LOST,79162.65701101838,-84.95100650930064
2026-04-27T03:50:38.744644+00:00,2026-04-27T03:55:00+00:00,79224.048,UP,261.255356,0.5303514376996805,0.43,0.10035143769968052,44.013788464772155,LOST,79162.65701101838,-44.013788464772155
2026-04-27T03:55:15.806106+00:00,2026-04-27T04:00:00+00:00,79162.65701101838,UP,284.193894,0.652989449003517,0.4699999999999999,0.18298944900351705,86.31577783184763,LOST,79119.937,-86.31577783184763
2026-04-27T03:55:45.935696+00:00,2026-04-27T04:00:00+00:00,79162.65701101838,UP,254.064304,0.5999999999999998,0.4526383502237411,0.14736164977625865,68.18181818181806,LOST,79119.937,-68.18181818181806
2026-04-27T04:00:09.862716+00:00,2026-04-27T04:05:00+00:00,79119.937,UP,290.137284,0.6462480857580398,0.5435500902878136,0.10269799547022618,57.74352486849989,SOLD_OVERPRICED,79083.24708503074,41.473396729718104
2026-04-27T04:00:40.992888+00:00,2026-04-27T04:05:00+00:00,79119.937,UP,259.007112,0.6462480857580398,0.55,0.09624808575803978,53.47115875446655,SOLD_OVERPRICED,79083.24708503074,37.45310679845931
2026-04-27T04:05:21.007151+00:00,2026-04-27T04:10:00+00:00,79138.32,UP,278.992849,0.47410358565737054,0.27,0.20410358565737052,69.89848823882552,LOST,79099.35797039916,-69.89848823882552
2026-04-27T04:05:51.132546+00:00,2026-04-27T04:10:00+00:00,79138.32,UP,248.867454,0.4025974025974026,0.18,0.22259740259740263,67.86506176750079,LOST,79099.35797039916,-67.86506176750079
2026-04-27T04:10:10.134471+00:00,2026-04-27T04:15:00+00:00,79099.35797039916,UP,289.865529,0.6616915422885572,0.49000000000000005,0.17169154228855715,84.1625207296849,LOST,79073.01433251891,-84.1625207296849
2026-04-27T04:10:40.251610+00:00,2026-04-27T04:15:00+00:00,79099.35797039916,UP,259.74839,0.6616915422885572,0.4956795471894628,0.16601199509909442,87.35170302334481,LOST,79073.01433251891,-87.35170302334481
2026-04-27T04:15:08.300877+00:00,2026-04-27T04:20:00+00:00,79073.01433251891,UP,291.699123,0.6275510204081632,0.51,0.11755102040816323,59.97501041232818,LOST,79051.276,-59.97501041232818
2026-04-27T04:15:38.417067+00:00,2026-04-27T04:20:00+00:00,79073.01433251891,UP,261.582933,0.6608391608391608,0.56,0.10083916083916078,57.29497774952318,LOST,79051.276,-57.29497774952318
2026-04-27T04:20:39.562185+00:00,2026-04-27T04:25:00+00:00,79051.276,UP,260.437815,0.705069124423963,0.61,0.09506912442396298,60.941746425617296,SOLD_OVERPRICED,79066.94837364409,27.973260654381704
2026-04-27T04:21:09.685543+00:00,2026-04-27T04:25:00+00:00,79051.276,UP,230.314457,0.7599611273080661,0.6,0.1599611273080661,99.97570456754131,SOLD_OVERPRICED,79066.94837364409,48.321590540978306
2026-04-27T04:22:16.954768+00:00,2026-04-27T04:25:00+00:00,79051.276,DOWN,163.045232,0.2400388726919339,0.11,0.13003887269193393,36.527773228071325,SOLD_OVERPRICED,79067.7,87.02566642743484
2026-04-27T04:23:17.193546+00:00,2026-04-27T04:25:00+00:00,79051.276,UP,102.806454,0.7599611273080661,0.6201528182252514,0.13980830908281472,92.07968901846453,SOLD_OVERPRICED,79075.89857855857,38.58185754700975
2026-04-27T04:22:47.076097+00:00,2026-04-27T04:25:00+00:00,79051.276,DOWN,132.923903,0.2400388726919339,0.1031183209240226,0.13692055176791132,38.899686858870524,LOST,79065.4938197033,-38.899686858870524
2026-04-27T04:25:09.601281+00:00,2026-04-27T04:30:00+00:00,79065.4938197033,UP,290.398719,0.5740498034076016,0.44983571801626165,0.12421408539133993,59.843662235536414,SOLD_OVERPRICED,79101.63052203735,62.3425174043291
2026-04-27T04:25:39.723078+00:00,2026-04-27T04:30:00+00:00,79065.4938197033,UP,260.276922,0.526809651474531,0.42,0.10680965147453098,46.038642876953,SOLD_OVERPRICED,79101.63052203735,54.83655002311185
2026-04-27T04:28:04.315893+00:00,2026-04-27T04:30:00+00:00,79065.4938197033,DOWN,115.684107,0.222626079054975,0.08877860965715223,0.13384746939782277,41.02851587499328,LOST,79132.569,-41.02851587499328
2026-04-27T04:28:34.440202+00:00,2026-04-27T04:30:00+00:00,79065.4938197033,DOWN,85.559798,0.222626079054975,0.05190603476532957,0.17072004428964543,45.4279155407829,LOST,79132.569,-45.4279155407829
2026-04-27T04:30:11.698900+00:00,2026-04-27T04:35:00+00:00,79132.569,UP,288.3011,0.8225147526100771,0.69,0.13251475261007717,106.86673597586866,LOST,79042.39,-106.86673597586866
2026-04-27T04:30:41.818309+00:00,2026-04-27T04:35:00+00:00,79132.569,UP,258.181691,0.7021276595744681,0.53,0.17212765957446807,91.55726573110005,LOST,79042.39,-91.55726573110005
2026-04-27T04:35:08.704685+00:00,2026-04-27T04:40:00+00:00,79042.39,UP,291.295315,0.8272251308900523,0.6502535964577278,0.1769715344323245,126.58937920718024,SOLD_LOCK_PROFIT,79104.88706251034,64.19402022166317
2026-04-27T04:35:38.823425+00:00,2026-04-27T04:40:00+00:00,79042.39,UP,261.176575,0.593198992443325,0.44999999999999996,0.143198992443325,65.09045111060225,SOLD_LOCK_PROFIT,79104.88706251034,76.66208686359822
2026-04-27T04:39:00.606158+00:00,2026-04-27T04:40:00+00:00,79042.39,DOWN,59.393842,0.14449917898193765,0.02822525670184759,0.11627392228009006,31.7599946382494,LOST,79112.45894077547,-31.7599946382494
2026-04-27T04:40:10.742643+00:00,2026-04-27T04:45:00+00:00,79112.45894077547,UP,289.257357,0.6546391752577319,0.53,0.12463917525773183,66.29743364772969,LOST,79085.406,-66.29743364772969
2026-04-27T04:40:40.859856+00:00,2026-04-27T04:45:00+00:00,79112.45894077547,UP,259.140144,0.4049733570159858,0.28,0.12497335701598578,43.393526741661724,LOST,79085.406,-43.393526741661724
2026-04-27T04:45:08.869155+00:00,2026-04-27T04:50:00+00:00,79085.406,UP,291.130845,0.5855670103092784,0.47,0.1155670103092784,54.512740711923776,LOST,79002.883398441,-54.512740711923776
2026-04-27T04:45:38.987857+00:00,2026-04-27T04:50:00+00:00,79085.406,UP,261.012143,0.7857142857142857,0.61,0.1757142857142857,112.63736263736263,LOST,79002.883398441,-112.63736263736263
2026-04-27T04:50:11.968060+00:00,2026-04-27T04:55:00+00:00,79002.883398441,UP,288.03194,0.6231884057971014,0.4869554927491647,0.13623291304793672,68.84057971014492,WON,79005.41341775493,72.52876663708962
2026-04-27T04:50:42.075558+00:00,2026-04-27T04:55:00+00:00,79002.883398441,UP,257.924442,0.568069306930693,0.46,0.108069306930693,50.032086541987496,WON,79005.41341775493,58.73331898407227
2026-04-27T04:55:13.102740+00:00,2026-04-27T05:00:00+00:00,79005.41341775493,DOWN,286.89726,0.918552036199095,0.83,0.08855203619909502,130.22358264572796,SOLD_LOCK_PROFIT,78916.86442843298,23.534382405854473
2026-04-27T04:55:43.221560+00:00,2026-04-27T05:00:00+00:00,79005.41341775493,DOWN,256.77844,0.9434628975265018,0.8826010500735085,0.06086184745299328,119.77641735427204,WON,78940.34551,15.932029111202155
2026-04-27T05:00:10.159584+00:00,2026-04-27T05:05:00+00:00,78940.34551,UP,289.840416,0.7070707070707071,0.53,0.17707070707070705,94.18654631420588,LOST,78779.59399537017,-94.18654631420588
2026-04-27T05:00:42.276546+00:00,2026-04-27T05:05:00+00:00,78940.34551,UP,257.723454,0.35757575757575755,0.29,0.06757575757575757,23.794280836534355,LOST,78779.59399537017,-23.794280836534355
2026-04-27T05:05:11.129123+00:00,2026-04-27T05:10:00+00:00,78779.59399537017,UP,288.870877,0.6817155756207675,0.51,0.17171557562076745,87.60998756161605,LOST,78733.81228835358,-87.60998756161605
2026-04-27T05:05:41.242107+00:00,2026-04-27T05:10:00+00:00,78779.59399537017,UP,258.757893,0.46551724137931033,0.37654886962281037,0.08896837175649996,37.90366721401204,LOST,78733.81228835358,-37.90366721401204
2026-04-27T05:10:09.208663+00:00,2026-04-27T05:15:00+00:00,78733.81228835358,UP,290.791337,0.6674208144796382,0.5377459102295797,0.12967490425005845,73.09617791470116,LOST,78422.15635,-73.09617791470116
2026-04-27T05:10:39.327163+00:00,2026-04-27T05:15:00+00:00,78733.81228835358,UP,260.672837,0.786046511627907,0.5807151712741135,0.2053313403537934,125.60843699296917,LOST,78422.15635,-125.60843699296917
2026-04-27T05:15:13.170798+00:00,2026-04-27T05:20:00+00:00,78422.15635,UP,286.829202,0.7611940298507462,0.6094960506062165,0.15169797924452977,100.74626865671642,LOST,78040.64614865156,-100.74626865671642
2026-04-27T05:15:43.292221+00:00,2026-04-27T05:20:00+00:00,78422.15635,DOWN,256.707779,0.960927960927961,0.8798080397254089,0.08111992120255207,149.25373134328356,WON,78040.64614865156,20.3897870199564
2026-04-27T05:20:13.002692+00:00,2026-04-27T05:25:00+00:00,78040.64614865156,UP,286.997308,0.6396933560477002,0.47431900669713567,0.1653743493505645,80.04403587155669,LOST,78003.1151561075,-80.04403587155669
2026-04-27T05:20:43.116481+00:00,2026-04-27T05:25:00+00:00,78040.64614865156,UP,256.883519,0.6396933560477002,0.46,0.17969335604770015,83.19136854060191,LOST,78003.1151561075,-83.19136854060191
2026-04-27T05:25:10.141853+00:00,2026-04-27T05:30:00+00:00,78003.1151561075,UP,289.858147,0.7533783783783784,0.62,0.1333783783783784,87.74893314367,LOST,77853.83492563569,-87.74893314367
2026-04-27T05:25:40.258371+00:00,2026-04-27T05:30:00+00:00,78003.1151561075,UP,259.741629,0.5130434782608696,0.4,0.11304347826086958,47.10144927536233,LOST,77853.83492563569,-47.10144927536233
2026-04-27T05:30:10.273552+00:00,2026-04-27T05:35:00+00:00,77853.83492563569,UP,289.726448,0.5546012269938649,0.45000000000000007,0.10460122699386487,47.5460122699386,SOLD_LOCK_PROFIT,77870.79,55.99863667348323
2026-04-27T05:30:40.389904+00:00,2026-04-27T05:35:00+00:00,77853.83492563569,DOWN,259.610096,0.8076923076923077,0.7249492152254876,0.0827430924668201,78.29670329670333,LOST,77880.49093710088,-78.29670329670333
2026-04-27T05:35:16.428999+00:00,2026-04-27T05:40:00+00:00,77880.49093710088,DOWN,283.571001,0.8486842105263158,0.75,0.09868421052631582,98.68421052631582,SOLD_LOCK_PROFIT,77728.1,30.263157894736864
2026-04-27T05:35:46.548021+00:00,2026-04-27T05:40:00+00:00,77880.49093710088,DOWN,253.451979,0.965720407070166,0.89,0.07572040707016603,151.31578947368416,SOLD_LOCK_PROFIT,77728.1,15.301596688350088
2026-04-27T05:40:30.535530+00:00,2026-04-27T05:45:00+00:00,77756.71142502004,UP,269.46447,0.7146017699115044,0.5714629878820808,0.14313878202942354,87.84191472244564,WON,77814.91432502125,65.87217802746221
2026-04-27T05:41:00.651599+00:00,2026-04-27T05:45:00+00:00,77756.71142502004,UP,239.348401,0.7146017699115044,0.5515888917210078,0.1630128781904966,94.89226625625237,WON,77814.91432502125,77.14213777276971
2026-04-27T05:45:19.618085+00:00,2026-04-27T05:50:00+00:00,77814.91432502125,UP,280.381915,0.5433673469387755,0.4771048824507132,0.06626246448806233,34.60723912206394,LOST,77801.60329553892,-34.60723912206394
2026-04-27T05:45:49.731411+00:00,2026-04-27T05:50:00+00:00,77814.91432502125,DOWN,250.268589,0.768092105263158,0.6789557607892991,0.08913634447385888,74.31220095693783,WON,77801.60329553892,35.138525067609734
2026-04-27T05:50:09.709537+00:00,2026-04-27T05:55:00+00:00,77801.60329553892,UP,290.290463,0.65625,0.5992582765482724,0.05699172345172765,40.39634146341465,WON,77826.86609602465,27.01422764227643
2026-04-27T05:50:53.893173+00:00,2026-04-27T05:55:00+00:00,77801.60329553892,DOWN,246.106827,0.8189300411522633,0.6477064399153569,0.1712236012369064,124.25697302240508,LOST,77826.86609602465,-124.25697302240508
2026-04-27T05:55:19.903823+00:00,2026-04-27T06:00:00+00:00,77826.86609602465,UP,280.096177,0.6190476190476191,0.55,0.06904761904761902,38.359788359788354,LOST,77794.21,-38.359788359788354
2026-04-27T05:55:50.018075+00:00,2026-04-27T06:00:00+00:00,77826.86609602465,UP,249.981925,0.7931034482758621,0.610889792925127,0.18221365535073508,117.37400530503982,LOST,77794.21,-117.37400530503982
2026-04-27T06:00:10.023467+00:00,2026-04-27T06:05:00+00:00,77794.21,DOWN,289.976533,0.7161290322580645,0.61,0.10612903225806447,68.0314309346567,SOLD_LOCK_PROFIT,77757.59,41.26496630462783
2026-04-27T06:01:04.226549+00:00,2026-04-27T06:05:00+00:00,77794.21,DOWN,235.773451,0.8011995185307614,0.663317883569802,0.1378816349609594,111.94411009080655,WON,77757.38,56.81978556711367
2026-04-27T06:05:36.280581+00:00,2026-04-27T06:10:00+00:00,77757.38,DOWN,263.719419,0.5855689176688251,0.5,0.08556891766882513,42.78445883441256,LOST,77785.08763495242,-42.78445883441256
2026-04-27T06:06:06.416220+00:00,2026-04-27T06:10:00+00:00,77757.38,DOWN,233.58378,0.8474358974358975,0.7341555099994719,0.11328038743642566,113.78205128205138,LOST,77785.08763495242,-113.78205128205138
2026-04-27T06:10:23.351387+00:00,2026-04-27T06:15:00+00:00,77785.08763495242,DOWN,276.648613,0.6701030927835052,0.62,0.05010309278350522,32.96256104177975,SOLD_LOCK_PROFIT,77745.99175500381,19.139551572646305
2026-04-27T06:10:53.470755+00:00,2026-04-27T06:15:00+00:00,77785.08763495242,UP,246.529245,0.5925925925925926,0.5305237249523826,0.06206886764020991,33.29393223010241,LOST,77743.08,-33.29393223010241
2026-04-27T06:15:10.491321+00:00,2026-04-27T06:20:00+00:00,77743.08,DOWN,289.508679,0.7073170731707317,0.63,0.07731707317073166,52.241265655899774,LOST,77857.6,-52.241265655899774
2026-04-27T06:15:40.608135+00:00,2026-04-27T06:20:00+00:00,77743.08,DOWN,259.391865,0.7064220183486238,0.61,0.09642201834862385,61.80898612091272,LOST,77857.6,-61.80898612091272
2026-04-27T06:20:43.679902+00:00,2026-04-27T06:25:00+00:00,77857.6,DOWN,256.320098,0.7027027027027026,0.64,0.06270270270270262,43.543543543543485,SOLD_LOCK_PROFIT,77871.6568659934,23.132507507507476
2026-04-27T06:20:13.555928+00:00,2026-04-27T06:25:00+00:00,77857.6,UP,286.444072,0.477523324851569,0.42,0.057523324851569024,24.79453657395216,LOST,77847.68765515293,-24.79453657395216
2026-04-27T06:25:09.714825+00:00,2026-04-27T06:30:00+00:00,77847.68765515293,DOWN,290.285175,0.7948717948717949,0.668650837526896,0.1262209573448989,99.17043740573158,SOLD_LOCK_PROFIT,77774.09,46.17751282951758
2026-04-27T06:25:40.840028+00:00,2026-04-27T06:30:00+00:00,77847.68765515293,DOWN,259.159972,0.7962962962962963,0.68,0.11629629629629623,90.85648148148144,SOLD_LOCK_PROFIT,77774.09,40.08374183006532
2026-04-27T06:30:12.737881+00:00,2026-04-27T06:35:00+00:00,77738.01789634202,DOWN,287.262119,0.675,0.6099999999999999,0.06500000000000017,41.6666666666667,SOLD_LOCK_PROFIT,77612.85,25.27322404371587
2026-04-27T06:30:42.869395+00:00,2026-04-27T06:35:00+00:00,77738.01789634202,DOWN,257.130605,0.8346055979643766,0.7300595498017708,0.10454604816260582,96.85703515220058,SOLD_LOCK_PROFIT,77612.85,33.159611400713715
2026-04-27T06:35:12.851138+00:00,2026-04-27T06:40:00+00:00,77621.87874998758,DOWN,287.148862,0.6790123456790124,0.6146177664906558,0.06439457918835656,44.23868312757204,SOLD_LOCK_PROFIT,77611.48102166849,26.2993192353644
2026-04-27T06:36:38.186161+00:00,2026-04-27T06:40:00+00:00,77621.87874998758,DOWN,201.813839,0.6790123456790124,0.6,0.07901234567901239,49.38271604938274,SOLD_LOCK_PROFIT,77611.48102166849,31.275720164609076
2026-04-27T06:40:14.009342+00:00,2026-04-27T06:45:00+00:00,77604.08,DOWN,285.990658,0.5649202733485194,0.47790525312628473,0.08701502022223462,44.77371384364121,LOST,77630.388,-44.77371384364121
2026-04-27T06:40:51.152819+00:00,2026-04-27T06:45:00+00:00,77604.08,UP,248.847181,0.7279693486590039,0.67,0.05796934865900383,43.916173226518055,WON,77630.388,21.630353977240233
2026-04-27T06:45:18.152934+00:00,2026-04-27T06:50:00+00:00,77630.388,DOWN,281.847066,0.5641316685584563,0.51,0.0541316685584563,27.61819824411036,LOST,77722.86,-27.61819824411036
2026-04-27T06:45:52.283244+00:00,2026-04-27T06:50:00+00:00,77630.388,DOWN,247.716756,0.49516441005802725,0.44,0.05516441005802725,24.62696877590502,LOST,77722.86,-24.62696877590502
2026-04-27T06:50:22.288915+00:00,2026-04-27T06:55:00+00:00,77722.86,DOWN,277.711085,0.6734283567351703,0.6,0.07342835673517034,45.89272295948146,LOST,77725.52971249324,-45.89272295948146
2026-04-27T06:50:52.406105+00:00,2026-04-27T06:55:00+00:00,77722.86,DOWN,247.593895,0.5632183908045977,0.4799999999999999,0.08321839080459775,40.00884173297966,LOST,77725.52971249324,-40.00884173297966
2026-04-27T06:55:13.434540+00:00,2026-04-27T07:00:00+00:00,77725.52971249324,DOWN,286.56546,0.49360146252285186,0.44,0.05360146252285186,23.929224340558864,WON,77709.47945635389,30.455376433438555
2026-04-27T06:55:43.553524+00:00,2026-04-27T07:00:00+00:00,77725.52971249324,UP,256.446476,0.8067226890756303,0.6600000000000001,0.14672268907563013,107.8843302026693,LOST,77709.47945635389,-107.8843302026693
2026-04-27T07:00:08.582589+00:00,2026-04-27T07:05:00+00:00,77709.47945635389,DOWN,291.417411,0.5879120879120879,0.4710613467472249,0.11685074116486305,55.61890939249432,SOLD_LOCK_PROFIT,77705.03888941299,60.09113895051492
2026-04-27T07:00:38.726626+00:00,2026-04-27T07:05:00+00:00,77709.47945635389,DOWN,261.273374,0.6204819277108433,0.57,0.050481927710843366,29.349957971420558,SOLD_LOCK_PROFIT,77705.03888941299,21.11137327768847
2026-04-27T07:05:10.788300+00:00,2026-04-27T07:10:00+00:00,77678.80385827938,DOWN,289.2117,0.6003633060853769,0.5,0.10036330608537691,50.18165304268846,SOLD_LOCK_PROFIT,77611.11,48.174386920980915
2026-04-27T07:06:08.011689+00:00,2026-04-27T07:10:00+00:00,77678.80385827938,DOWN,231.988311,0.9788235294117648,0.89,0.08882352941176475,199.81834695731155,SOLD_LOCK_PROFIT,77611.11,20.206349692312415
2026-04-27T07:10:25.799063+00:00,2026-04-27T07:15:00+00:00,77625.01070523786,DOWN,274.200937,0.6296296296296297,0.57,0.0596296296296297,34.66838931955215,LOST,77655.10178854963,-34.66838931955215
2026-04-27T07:10:56.924155+00:00,2026-04-27T07:15:00+00:00,77625.01070523786,DOWN,243.075845,0.7354838709677419,0.6,0.13548387096774195,84.67741935483872,LOST,77655.10178854963,-84.67741935483872
2026-04-27T07:15:38.010294+00:00,2026-04-27T07:20:00+00:00,77655.10178854963,DOWN,261.989706,0.5542857142857143,0.42,0.13428571428571429,57.88177339901477,SOLD_LOCK_PROFIT,77581.48,77.17569786535302
2026-04-27T07:15:07.891802+00:00,2026-04-27T07:20:00+00:00,77655.10178854963,DOWN,292.108198,0.596103896103896,0.53,0.066103896103896,35.161646863774465,LOST,77696.15,-35.161646863774465
2026-04-27T07:19:13.867736+00:00,2026-04-27T07:20:00+00:00,77655.10178854963,DOWN,46.132264,0.999,0.86,0.139,200.0,LOST,77696.15,-200.0
2026-04-27T07:20:14.060696+00:00,2026-04-27T07:25:00+00:00,77696.15,DOWN,285.939304,0.5712468193384224,0.52,0.051246819338422345,26.69105173876164,LOST,77712.01172623069,-26.69105173876164
2026-04-27T07:20:59.232471+00:00,2026-04-27T07:25:00+00:00,77696.15,DOWN,240.767529,0.6914566687154271,0.64,0.05145666871542709,35.73379771904659,LOST,77712.01172623069,-35.73379771904659
2026-04-27T07:26:05.404012+00:00,2026-04-27T07:30:00+00:00,77712.01172623069,DOWN,234.595988,0.5650510204081632,0.51,0.05505102040816323,28.087255310287365,WON,77695.82485057814,26.985794317727073
2026-04-27T07:26:35.519763+00:00,2026-04-27T07:30:00+00:00,77712.01172623069,UP,204.480237,0.7235294117647059,0.65,0.07352941176470584,52.521008403361314,LOST,77695.82485057814,-52.521008403361314
2026-04-27T07:30:33.440264+00:00,2026-04-27T07:35:00+00:00,77695.82485057814,UP,266.559736,0.35257603972687773,0.29,0.06257603972687775,22.033816805238647,LOST,77623.89191454671,-22.033816805238647
2026-04-27T07:31:35.685503+00:00,2026-04-27T07:35:00+00:00,77695.82485057814,UP,204.314497,0.35257603972687773,0.2777946795445712,0.07478136018230652,31.27568909691815,LOST,77623.89191454671,-31.27568909691815
2026-04-27T07:35:18.475600+00:00,2026-04-27T07:40:00+00:00,77623.89191454671,DOWN,281.5244,0.6678529062870702,0.61,0.05785290628707018,37.0851963378655,LOST,77662.38635203251,-37.0851963378655
2026-04-27T07:35:54.615358+00:00,2026-04-27T07:40:00+00:00,77623.89191454671,DOWN,245.384642,0.6666666666666667,0.5910510350468594,0.07561563161980733,46.747967479674855,LOST,77662.38635203251,-46.747967479674855
2026-04-27T07:40:21.577947+00:00,2026-04-27T07:45:00+00:00,77662.38635203251,DOWN,278.422053,0.5140324963072378,0.4395348837209302,0.0744976125863076,37.8,LOST,77687.4562571943,-37.8
2026-04-27T07:41:08.760562+00:00,2026-04-27T07:45:00+00:00,77662.38635203251,DOWN,231.239438,0.5140324963072378,0.44999999999999996,0.06403249630723784,29.105680139653536,LOST,77687.4562571943,-29.105680139653536
2026-04-27T07:45:11.693115+00:00,2026-04-27T07:50:00+00:00,77687.4562571943,DOWN,288.306885,0.4676761793826443,0.4,0.06767617938264425,28.19840807610177,SOLD_OVERPRICED,77655.95758896421,25.378567268491594
2026-04-27T07:45:53.856904+00:00,2026-04-27T07:50:00+00:00,77687.4562571943,UP,246.143096,0.38612565445026176,0.33,0.05612565445026174,20.94240837696334,WON,77688.34049764418,42.51943518959223
2026-04-27T07:46:40.062885+00:00,2026-04-27T07:50:00+00:00,77687.4562571943,UP,199.937115,0.38612565445026176,0.32,0.06612565445026175,24.31090237141976,WON,77688.34049764418,51.660667539266996
2026-04-27T07:50:11.833235+00:00,2026-04-27T07:55:00+00:00,77688.34049764418,UP,288.166765,0.40639269406392703,0.3,0.10639269406392704,37.9973907371168,WON,77694.70296028057,88.66057838660588
2026-04-27T07:50:41.957167+00:00,2026-04-27T07:55:00+00:00,77688.34049764418,UP,258.042833,0.40639269406392703,0.3,0.10639269406392704,37.9973907371168,WON,77694.70296028057,88.66057838660588
2026-04-27T07:55:10.021966+00:00,2026-04-27T08:00:00+00:00,77694.70296028057,DOWN,289.978034,0.49391304347826104,0.402515536663384,0.09139750681487702,39.13043478260876,SOLD_OVERPRICED,77677.478,28.14772131495232
2026-04-27T07:55:40.142903+00:00,2026-04-27T08:00:00+00:00,77694.70296028057,UP,259.857097,0.7021276595744681,0.65,0.05212765957446808,37.234042553191486,LOST,77616.154,-37.234042553191486
2026-04-27T07:58:41.887457+00:00,2026-04-27T08:00:00+00:00,77694.70296028057,UP,78.112543,0.43283582089552236,0.309673495402175,0.12316232549334738,47.441364605543704,LOST,77616.154,-47.441364605543704
2026-04-27T08:00:13.182891+00:00,2026-04-27T08:05:00+00:00,77616.154,DOWN,286.817109,0.5115694164989939,0.45,0.06156941649899389,27.986098408633584,LOST,77716.85966355172,-27.986098408633584
2026-04-27T08:00:43.297066+00:00,2026-04-27T08:05:00+00:00,77616.154,DOWN,256.702934,0.3188405797101449,0.19,0.1288405797101449,39.76561102164966,LOST,77716.85966355172,-39.76561102164966
2026-04-27T08:05:15.255215+00:00,2026-04-27T08:10:00+00:00,77716.85966355172,DOWN,284.744785,0.5010460251046024,0.44999999999999996,0.05104602510460243,21.411,SOLD_OVERPRICED,77708.18962969369,9.991800000000005
2026-04-27T08:06:18.503928+00:00,2026-04-27T08:10:00+00:00,77716.85966355172,UP,221.496072,0.4633228840125392,0.4000000000000001,0.0633228840125391,26.384535005224652,LOST,77630.83486660763,-26.384535005224652
2026-04-27T08:06:48.623742+00:00,2026-04-27T08:10:00+00:00,77716.85966355172,UP,191.376258,0.4633228840125392,0.27755964221108903,0.18576324180145015,66.2064671275819,LOST,77630.83486660763,-66.2064671275819
2026-04-27T08:10:25.391229+00:00,2026-04-27T08:15:00+00:00,77630.83486660763,DOWN,274.608771,0.5437665782493368,0.49,0.05376657824933684,26.35616580849845,LOST,77644.70160397796,-26.35616580849845
2026-04-27T08:12:59.011179+00:00,2026-04-27T08:15:00+00:00,77630.83486660763,DOWN,120.988821,0.3081570996978852,0.25,0.058157099697885184,19.385699899295062,LOST,77644.70160397796,-19.385699899295062
2026-04-27T08:15:10.508671+00:00,2026-04-27T08:20:00+00:00,77644.70160397796,DOWN,289.491329,0.47997835497835506,0.42,0.059978354978355075,25.85273921480822,LOST,77672.22,-25.85273921480822
2026-04-27T08:15:50.682515+00:00,2026-04-27T08:20:00+00:00,77644.70160397796,UP,249.317485,0.742713567839196,0.69,0.05271356783919601,31.864199999999997,WON,77672.22,14.315800000000003
2026-04-27T08:20:44.826376+00:00,2026-04-27T08:25:00+00:00,77672.22,DOWN,255.173624,0.45577130528586873,0.4,0.05577130528586871,14.668000000000001,SOLD_OVERPRICED,77665.12369627226,9.454299999999998
2026-04-27T08:20:14.709399+00:00,2026-04-27T08:25:00+00:00,77672.22,UP,285.290601,0.5442286947141313,0.48999999999999994,0.05422869471413133,26.58269348731925,LOST,77661.574,-26.58269348731925
2026-04-27T08:21:51.091374+00:00,2026-04-27T08:25:00+00:00,77672.22,UP,188.908626,0.498330550918197,0.3483342320296354,0.14999631888856158,59.97369352962007,LOST,77661.574,-59.97369352962007
2026-04-27T08:25:08.874200+00:00,2026-04-27T08:30:00+00:00,77661.574,UP,291.1258,0.5079455164585696,0.45,0.057945516458569546,26.33887111753161,LOST,77583.08681169648,-26.33887111753161
2026-04-27T08:25:38.991924+00:00,2026-04-27T08:30:00+00:00,77661.574,UP,261.008076,0.4392764857881136,0.38,0.05927648578811362,23.901808785529685,LOST,77583.08681169648,-23.901808785529685
2026-04-27T08:30:16.002012+00:00,2026-04-27T08:35:00+00:00,77583.08681169648,UP,283.997988,0.5152224824355973,0.43,0.08522248243559732,37.37828176999882,SOLD_LOCK_PROFIT,77609.92259,47.80943017092872
2026-04-27T08:30:49.132416+00:00,2026-04-27T08:35:00+00:00,77583.08681169648,UP,250.867584,0.715568862275449,0.66,0.055568862275448994,24.4002,WON,77623.76782,12.569799999999997
2026-04-27T08:36:26.394705+00:00,2026-04-27T08:40:00+00:00,77623.76782,UP,213.605295,0.5425925925925926,0.44,0.10259259259259262,45.800264550264565,SOLD_LOCK_PROFIT,77642.82395721285,56.2094155844156
2026-04-27T08:35:28.173168+00:00,2026-04-27T08:40:00+00:00,77623.76782,DOWN,271.826832,0.4574074074074074,0.39,0.06740740740740736,27.625986642380067,LOST,77642.78676725,-27.625986642380067
2026-04-27T08:40:09.269032+00:00,2026-04-27T08:45:00+00:00,77642.78676725,UP,290.730968,0.6005072923272039,0.4719041964059857,0.1286030959212182,61.56004355056788,LOST,77629.2456926402,-61.56004355056788
2026-04-27T08:40:39.387731+00:00,2026-04-27T08:45:00+00:00,77642.78676725,UP,260.612269,0.43488372093023264,0.2685454533754379,0.16633826755479475,59.08233815210562,LOST,77629.2456926402,-59.08233815210562
2026-04-27T08:45:21.471459+00:00,2026-04-27T08:50:00+00:00,77629.2456926402,UP,278.528541,0.7371601208459214,0.68,0.05716012084592137,38.7804,SOLD_LOCK_PROFIT,77712.81,17.108999999999995
2026-04-27T08:46:04.647359+00:00,2026-04-27T08:50:00+00:00,77629.2456926402,UP,235.352641,0.9416058394160584,0.85,0.09160583941605838,152.67639902676393,SOLD_LOCK_PROFIT,77712.81,23.35050808644627
2026-04-27T08:50:08.433579+00:00,2026-04-27T08:55:00+00:00,77735.209,UP,291.566421,0.5194174757281553,0.4,0.11941747572815531,49.75728155339805,SOLD_LOCK_PROFIT,77773.97861701195,72.14805825242715
2026-04-27T08:50:38.557388+00:00,2026-04-27T08:55:00+00:00,77735.209,UP,261.442612,0.5913818722139674,0.4931510378401595,0.09823083437380792,49.69699618331737,SOLD_LOCK_PROFIT,77773.97861701195,49.06190833598467
2026-04-27T08:55:16.656535+00:00,2026-04-27T09:00:00+00:00,77766.54696290218,UP,283.343465,0.6329211746522411,0.52,0.11292117465224105,58.813111798042215,SOLD_LOCK_PROFIT,77812.24080237972,52.02698351365272
2026-04-27T08:55:46.782656+00:00,2026-04-27T09:00:00+00:00,77766.54696290218,UP,253.217344,0.6329211746522411,0.51,0.12292117465224106,62.714885026653604,SOLD_LOCK_PROFIT,77812.24080237972,57.79607051475921
2026-04-27T09:00:11.793033+00:00,2026-04-27T09:05:00+00:00,77811.0,UP,288.206967,0.4914529914529916,0.3985621542905619,0.09289083716242968,41.57909485778344,SOLD_LOCK_PROFIT,77820.14848574139,60.65718754378597
2026-04-27T09:00:41.908576+00:00,2026-04-27T09:05:00+00:00,77811.0,UP,258.091424,0.6286161063330729,0.4600000000000001,0.16861610633307278,78.06301219123742,SOLD_LOCK_PROFIT,77820.14848574139,88.24514421618142
2026-04-27T09:05:09.966002+00:00,2026-04-27T09:10:00+00:00,77825.31035950585,UP,290.033998,0.6429107276819207,0.5,0.1429107276819207,71.45536384096035,LOST,77798.04077895991,-71.45536384096035
2026-04-27T09:05:40.083118+00:00,2026-04-27T09:10:00+00:00,77825.31035950585,UP,259.916882,0.49999999999999983,0.3926448715606273,0.10735512843937256,48.38709677419348,LOST,77798.04077895991,-48.38709677419348
2026-04-27T09:10:09.117743+00:00,2026-04-27T09:15:00+00:00,77798.04077895991,UP,290.882257,0.6242647058823532,0.46,0.16426470588235315,76.04847494553387,SOLD_LOCK_PROFIT,77841.01650902336,85.96784124277742
2026-04-27T09:10:39.217410+00:00,2026-04-27T09:15:00+00:00,77798.04077895991,UP,260.78259,0.6242647058823532,0.53,0.09426470588235314,50.140801001251674,SOLD_LOCK_PROFIT,77841.01650902336,42.57237820860992
2026-04-27T09:15:09.259981+00:00,2026-04-27T09:20:00+00:00,77856.41479917277,UP,290.740019,0.7130358705161853,0.4959176752615044,0.21711819525468096,109.33130907656144,LOST,77766.566,-109.33130907656144
2026-04-27T09:15:40.384776+00:00,2026-04-27T09:20:00+00:00,77856.41479917277,UP,259.615224,0.4228187919463087,0.37,0.05281879194630873,20.959838073932037,LOST,77766.566,-20.959838073932037
2026-04-27T09:20:14.327396+00:00,2026-04-27T09:25:00+00:00,77766.566,UP,285.672604,0.6632653061224489,0.45624634997626573,0.2070189561461832,104.8557353976073,LOST,77710.061,-104.8557353976073
2026-04-27T09:20:44.451269+00:00,2026-04-27T09:25:00+00:00,77766.566,UP,255.548731,0.760262725779967,0.6,0.16026272577996703,100.1642036124794,LOST,77710.061,-100.1642036124794
2026-04-27T09:25:40.540116+00:00,2026-04-27T09:30:00+00:00,77710.061,UP,259.459884,0.6927152317880795,0.6,0.0927152317880795,57.947019867549685,SOLD_LOCK_PROFIT,77789.26020258495,36.69977924944814
2026-04-27T09:25:10.421410+00:00,2026-04-27T09:30:00+00:00,77710.061,UP,289.57859,0.657608695652174,0.4549857238260478,0.20262297182612615,94.36758893280631,WON,77778.45548611273,113.0402130950335
2026-04-27T09:30:08.445791+00:00,2026-04-27T09:35:00+00:00,77778.45548611273,UP,291.554209,0.6939078751857355,0.52,0.17390787518573547,90.5770183259039,WON,77924.87185849792,83.60955537775745
2026-04-27T09:30:40.578925+00:00,2026-04-27T09:35:00+00:00,77778.45548611273,UP,259.421075,0.6519337016574586,0.4771239502057677,0.17480975145169086,85.817783800688,WON,77924.87185849792,94.04697411741199
2026-04-27T09:35:13.403521+00:00,2026-04-27T09:40:00+00:00,77924.87185849792,UP,286.596479,0.43697478991596633,0.36,0.07697478991596635,30.068277310924355,LOST,77908.28011707269,-30.068277310924355
2026-04-27T09:35:46.533317+00:00,2026-04-27T09:40:00+00:00,77924.87185849792,UP,253.466683,0.3533834586466165,0.3,0.05338345864661653,19.065520945220193,LOST,77908.28011707269,-19.065520945220193
2026-04-27T09:40:09.604484+00:00,2026-04-27T09:45:00+00:00,77908.28011707269,UP,290.395516,0.5555555555555556,0.44,0.11555555555555558,51.58730158730159,SOLD_LOCK_PROFIT,77951.25134741899,63.31168831168831
2026-04-27T09:40:39.722965+00:00,2026-04-27T09:45:00+00:00,77908.28011707269,UP,260.277035,0.839332748024583,0.72,0.11933274802458305,106.54709645052057,SOLD_LOCK_PROFIT,77951.25134741899,38.4753403849102
2026-04-27T09:45:15.784438+00:00,2026-04-27T09:50:00+00:00,77950.50797384074,UP,284.215562,0.6691042047531993,0.47,0.19910420475319934,93.91707771377327,LOST,77906.167,-93.91707771377327
2026-04-27T09:45:45.918219+00:00,2026-04-27T09:50:00+00:00,77950.50797384074,UP,254.081781,0.6691042047531993,0.48000000000000004,0.18910420475319928,90.91548305442275,LOST,77906.167,-90.91548305442275
2026-04-27T09:50:09.893635+00:00,2026-04-27T09:55:00+00:00,77906.167,UP,290.106365,0.5844875346260389,0.49,0.09448753462603887,46.31741893433278,SOLD_LOCK_PROFIT,77961.98119502296,46.31741893433278
2026-04-27T09:50:40.015634+00:00,2026-04-27T09:55:00+00:00,77906.167,UP,259.984366,0.5795454545454546,0.43,0.1495454545454546,65.59011164274324,WON,77985.3134,86.9450317124736
2026-04-27T09:55:20.023219+00:00,2026-04-27T10:00:00+00:00,77985.3134,UP,279.976781,0.6042884990253411,0.45,0.15428849902534109,70.13113592060958,LOST,77903.84739554914,-70.13113592060958
2026-04-27T09:56:04.169982+00:00,2026-04-27T10:00:00+00:00,77985.3134,UP,235.830018,0.5174129353233832,0.4,0.11741293532338315,48.92205638474298,LOST,77903.84739554914,-48.92205638474298
2026-04-27T10:00:13.992948+00:00,2026-04-27T10:05:00+00:00,77903.84739554914,UP,286.007052,0.5724059293044472,0.44,0.13240592930444722,59.10978986805679,LOST,77866.36283828269,-59.10978986805679
2026-04-27T10:00:44.112742+00:00,2026-04-27T10:05:00+00:00,77903.84739554914,UP,255.887258,0.5724059293044472,0.45,0.12240592930444721,55.639058774748726,LOST,77866.36283828269,-55.639058774748726
2026-04-27T10:05:39.258516+00:00,2026-04-27T10:10:00+00:00,77866.36283828269,DOWN,260.741484,0.9213872832369943,0.8148881221493512,0.10649916108764301,146.56221478551873,SOLD_LOCK_PROFIT,77832.04685040869,29.696300445954876
2026-04-27T10:05:09.122024+00:00,2026-04-27T10:10:00+00:00,77866.36283828269,UP,290.877976,0.5310861423220975,0.42225676941044715,0.10882937291165035,47.88195789745582,LOST,77836.3372,-47.88195789745582
2026-04-27T10:10:30.377062+00:00,2026-04-27T10:15:00+00:00,77836.3372,UP,269.622938,0.7566844919786097,0.63,0.12668449197860965,85.5976297152768,LOST,77822.24164596111,-85.5976297152768
2026-04-27T10:11:46.671868+00:00,2026-04-27T10:15:00+00:00,77836.3372,UP,193.328132,0.5237045203969127,0.47,0.05370452039691276,25.33232094193998,LOST,77822.24164596111,-25.33232094193998
2026-04-27T10:15:39.557988+00:00,2026-04-27T10:20:00+00:00,77822.24164596111,UP,260.442012,0.8361934477379095,0.7278951243246972,0.10829832341321233,103.74414976599063,SOLD_LOCK_PROFIT,77837.27964860748,35.931558139037875
2026-04-27T10:15:08.438559+00:00,2026-04-27T10:20:00+00:00,77822.24164596111,DOWN,291.561441,0.5212407282535398,0.44,0.08124072825353984,36.26818225604457,LOST,77839.20818849887,-36.26818225604457
